",count,mean,std,min,25%,50%,75%,max"
"Total_Bene_TH_Elig,494.0,220868.13967611335,207126.87722286565,240.0,38430.75,131899.0,393244.25,744753.0"
"Total_PartB_Enrl,494.0,271360.6629554682,251798.40026702618,328.0,46319.416666749996,171562.91667,478885.83333,784134.33333"
"Total_Bene_Telehealth,494.0,58179.71052631579,68903.57266878488,37.0,9542.5,34834.5,81817.75,440009.0"
"Pct_Telehealth,494.0,0.2747710526315789,0.14107758367912174,0.0576,0.168375,0.22605,0.348125,0.6995"
