",count,mean,std,min,25%,50%,75%,max"
"Total_Bene_TH_Elig,2756.0,3554685.3701015967,5720907.9152876595,3356.0,181742.75,802899.5,3517324.75,30946785.0"
"Total_PartB_Enrl,2756.0,4438281.807781507,7054215.999098088,3409.3333333,221964.79167,1025497.3333,4191090.0,32344227.667"
"Total_Bene_Telehealth,2756.0,751970.4466618288,1401004.2293771796,501.0,44173.75,189803.0,814994.75,14826919.0"
"Pct_Telehealth,2756.0,0.2433369375907112,0.12194472658179327,0.0429,0.1442,0.2198,0.31215,0.6461"
